url,image_donehttps://www.instagram.com/wsn_9223/,
https://www.instagram.com/yo.103/,
https://www.instagram.com/junpei_iori_tamaki/,
https://www.instagram.com/quella_2006sal/,
https://www.instagram.com/emilywu1229/,
https://www.instagram.com/trazzuku/,
https://www.instagram.com/lahoo_getyourglute/,
https://www.instagram.com/delvina_meng/,
https://www.instagram.com/sylviewu1111/,
https://www.instagram.com/rubycheeen/,
https://www.instagram.com/bubbletea.666/,
https://www.instagram.com/five.star9210/,
