link,image_done
https://www.instagram.com/yaan_.08/,true
https://www.instagram.com/jessica66995/,true
https://www.instagram.com/tang_o4l3/,true
https://www.instagram.com/nc2_cubie/,true
https://www.instagram.com/mia.__.0311/,true
https://www.instagram.com/yan___7779/,true
https://www.instagram.com/xiaobb19/,true
https://www.instagram.com/applepielee/,true
https://www.instagram.com/hyun.for_life/,true
https://www.instagram.com/730.730_/,true
https://www.instagram.com/helenhangg/,true
https://www.instagram.com/real___irene/,true
https://www.instagram.com/_zhao1127_/,true
https://www.instagram.com/love030love/,true
https://www.instagram.com/o7.eee/,true
https://www.instagram.com/wlippoju/,true
https://www.instagram.com/flyy.131/,true
https://www.instagram.com/juliewu1009/,true
https://www.instagram.com/lee.tai/,true
https://www.instagram.com/kipw_xxa/,true
https://www.instagram.com/vivian_19981219/,true
https://www.instagram.com/kipw_xxa/,true
https://www.instagram.com/vivian_19981219/,true
https://www.instagram.com/rosssely_/,true
https://www.instagram.com/j._.988/,true
